"diff","corr","se_dependent","se_independent","wald_chisq","df","p_dependent","p_independent"
-0.00321149868618287,0.417528753496768,0.0257331403365402,0.0337152916842296,0.0155750668889486,1,0.900681802104877,0.924113496301727
