"weight","n_aligned","our_wald_chisq","our_df","our_p","multiagree_T2","multiagree_p"
"nominal",20,4.33472104197018,2,0.114479384413944,3.79257499279289,0.215256530019402
"linear",20,3.95283134753946,2,0.138565010475376,3.4189767675006,0.246367594858374
"quadratic",20,3.49331423411873,2,0.174355821434659,3.06875026530153,0.28039321926304
