"pair","rater_1","rater_2","Conger","se"
"p12",1,2,0.29676511954993,0.157006460630012
"p13",1,3,0.0695067264573996,0.122516590535538
"p23",2,3,0.22979797979798,0.19087666109479
