"weight","kappa_winnipeg","kappa_neworleans","diff","se_diff","z","p_value"
"nominal",0.207942464040025,0.296516567544605,-0.0885741035045799,0.093319888513299,-0.949144977728486,0.34254688136144
"linear",0.379730547986679,0.477272727272727,-0.0975421792860486,0.0894594096332002,-1.09035125188048,0.275558446691262
"quadratic",0.524576464331844,0.625581395348825,-0.10100493101698,0.0990218301687589,-1.02002690563123,0.307715700550857
