"construct","n_items","n_judges","observed_frac","Conger","se"
"smile",273,121,0.0413223140495868,0.642831930272409,0.023610616545658
"positive",273,121,0.0413223140495868,0.646043428958592,0.0240678141858912
