"cell","reps","mean_min_kappa","mean_max_kappa","mean_range","mean_wald","median_wald","reject_05"
"null",200,0.833011025936214,0.841713869413,0.00870284347678585,17.090060497908,16.1684293644659,0.16
"one_bad",200,0.529988520667065,0.839536882489965,0.309548361822899,166.258846469272,163.219438363493,1
